{"lr": 0.009994542389608127, "data_time": 0.0021005868911743164, "loss": 0.16510616466403008, "decode.loss_ce": 0.11181540451943875, "decode.acc_seg": 96.38959503173828, "aux.loss_ce": 0.053290759678930044, "aux.acc_seg": 96.38959503173828, "time": 0.24766647815704346, "memory": 8046, "step": 50}
{"lr": 0.009988973054603395, "data_time": 0.002499985694885254, "loss": 0.17828935459256173, "decode.loss_ce": 0.11939581781625748, "decode.acc_seg": 96.79852294921875, "aux.loss_ce": 0.05889353733509779, "aux.acc_seg": 96.25794219970703, "time": 0.245292329788208, "memory": 6269, "step": 100}
{"lr": 0.00998340337106865, "data_time": 0.001904773712158203, "loss": 0.16203435212373735, "decode.loss_ce": 0.1069745410233736, "decode.acc_seg": 95.72648620605469, "aux.loss_ce": 0.0550598107278347, "aux.acc_seg": 92.07429504394531, "time": 0.24572207927703857, "memory": 6269, "step": 150}
{"lr": 0.009977833338763812, "data_time": 0.0020077705383300783, "loss": 0.12280263379216194, "decode.loss_ce": 0.08044223561882972, "decode.acc_seg": 97.3436279296875, "aux.loss_ce": 0.04236039910465479, "aux.acc_seg": 96.35209655761719, "time": 0.24518377780914308, "memory": 6269, "step": 200}
{"lr": 0.009972262957448508, "data_time": 0.002099466323852539, "loss": 0.1747283324599266, "decode.loss_ce": 0.12240681536495686, "decode.acc_seg": 95.62750244140625, "aux.loss_ce": 0.05232151821255684, "aux.acc_seg": 95.71394348144531, "time": 0.2456130266189575, "memory": 6269, "step": 250}
{"lr": 0.009966692226882018, "data_time": 0.0020006656646728515, "loss": 0.09684597998857498, "decode.loss_ce": 0.06949186697602272, "decode.acc_seg": 98.04639434814453, "aux.loss_ce": 0.027354113198816775, "aux.acc_seg": 97.77235412597656, "time": 0.25090737342834474, "memory": 6269, "step": 300}
{"lr": 0.009961121146823335, "data_time": 0.0021990537643432617, "loss": 0.09258347228169442, "decode.loss_ce": 0.06403993926942349, "decode.acc_seg": 97.60597229003906, "aux.loss_ce": 0.028543532080948352, "aux.acc_seg": 97.01021575927734, "time": 0.2461803913116455, "memory": 6269, "step": 350}
{"lr": 0.009955549717031104, "data_time": 0.0033011436462402344, "loss": 0.11732970662415028, "decode.loss_ce": 0.08053463026881218, "decode.acc_seg": 98.09405517578125, "aux.loss_ce": 0.036795078031718734, "aux.acc_seg": 97.91593933105469, "time": 0.2506696701049805, "memory": 6269, "step": 400}
{"lr": 0.009949977937263675, "data_time": 0.0024011611938476564, "loss": 0.11206176839768886, "decode.loss_ce": 0.07882151659578085, "decode.acc_seg": 96.58521270751953, "aux.loss_ce": 0.03324025021865964, "aux.acc_seg": 96.3475112915039, "time": 0.2473219394683838, "memory": 6269, "step": 450}
{"lr": 0.009944405807279068, "data_time": 0.003500199317932129, "loss": 0.09060028642416, "decode.loss_ce": 0.06276842243969441, "decode.acc_seg": 97.39618682861328, "aux.loss_ce": 0.027831865195184945, "aux.acc_seg": 96.99356842041016, "time": 0.24898576736450195, "memory": 6269, "step": 500}
{"lr": 0.009938833326834986, "data_time": 0.0030999183654785156, "loss": 0.13276827670633792, "decode.loss_ce": 0.09404764585196972, "decode.acc_seg": 98.12390899658203, "aux.loss_ce": 0.03872063057497144, "aux.acc_seg": 98.49060821533203, "time": 0.2508035659790039, "memory": 6269, "step": 550}
{"lr": 0.009933260495688814, "data_time": 0.0038012266159057617, "loss": 0.10152725540101529, "decode.loss_ce": 0.07109528854489326, "decode.acc_seg": 98.03600311279297, "aux.loss_ce": 0.030431966297328472, "aux.acc_seg": 98.07891845703125, "time": 0.2506193876266479, "memory": 6269, "step": 600}
{"lr": 0.009927687313597623, "data_time": 0.0033001422882080076, "loss": 0.15573583729565144, "decode.loss_ce": 0.11064123548567295, "decode.acc_seg": 97.44739532470703, "aux.loss_ce": 0.045094600319862364, "aux.acc_seg": 97.336669921875, "time": 0.25144271850585936, "memory": 6269, "step": 650}
{"lr": 0.00992211378031814, "data_time": 0.0030005931854248046, "loss": 0.10745909810066223, "decode.loss_ce": 0.07578595876693725, "decode.acc_seg": 91.91344451904297, "aux.loss_ce": 0.03167313877493143, "aux.acc_seg": 90.75271606445312, "time": 0.25123231410980223, "memory": 6269, "step": 700}
{"lr": 0.009916539895606803, "data_time": 0.0033998966217041017, "loss": 0.07920530773699283, "decode.loss_ce": 0.0548879224807024, "decode.acc_seg": 98.20832061767578, "aux.loss_ce": 0.024317385721951724, "aux.acc_seg": 98.10304260253906, "time": 0.24884417057037353, "memory": 6269, "step": 750}
{"lr": 0.009910965659219699, "data_time": 0.003205704689025879, "loss": 0.14855633676052094, "decode.loss_ce": 0.10688164979219436, "decode.acc_seg": 87.09146118164062, "aux.loss_ce": 0.04167468836531043, "aux.acc_seg": 87.5935287475586, "time": 0.2509382963180542, "memory": 6269, "step": 800}
{"lr": 0.009905391070912595, "data_time": 0.00280458927154541, "loss": 0.11285584978759289, "decode.loss_ce": 0.07885413691401481, "decode.acc_seg": 98.51151275634766, "aux.loss_ce": 0.03400171212852001, "aux.acc_seg": 98.42890167236328, "time": 0.2499737024307251, "memory": 6269, "step": 850}
{"lr": 0.009899816130440945, "data_time": 0.0034992456436157226, "loss": 0.1388695664703846, "decode.loss_ce": 0.0961402129381895, "decode.acc_seg": 92.55494689941406, "aux.loss_ce": 0.04272935166954994, "aux.acc_seg": 91.16487121582031, "time": 0.2506762981414795, "memory": 6269, "step": 900}
{"lr": 0.00989424083755987, "data_time": 0.0036876916885375975, "loss": 0.08808765076100826, "decode.loss_ce": 0.06271262392401696, "decode.acc_seg": 98.73924255371094, "aux.loss_ce": 0.02537502711638808, "aux.acc_seg": 98.73199462890625, "time": 0.25594401359558105, "memory": 6269, "step": 950}
{"lr": 0.009888665192024167, "data_time": 0.004201412200927734, "loss": 0.09463905654847622, "decode.loss_ce": 0.06512093022465706, "decode.acc_seg": 98.82671356201172, "aux.loss_ce": 0.02951812483370304, "aux.acc_seg": 98.48661041259766, "time": 0.25286154747009276, "memory": 6269, "step": 1000}
{"lr": 0.009883089193588315, "data_time": 0.0025998830795288088, "loss": 0.09989412240684033, "decode.loss_ce": 0.07002931833267212, "decode.acc_seg": 98.7039566040039, "aux.loss_ce": 0.029864803422242403, "aux.acc_seg": 98.64425659179688, "time": 0.24880998134613036, "memory": 6269, "step": 1050}
{"lr": 0.009877512842006468, "data_time": 0.0033992767333984376, "loss": 0.09480893984436989, "decode.loss_ce": 0.06657036319375038, "decode.acc_seg": 98.02985382080078, "aux.loss_ce": 0.028238576604053378, "aux.acc_seg": 97.69725799560547, "time": 0.24882109165191652, "memory": 6269, "step": 1100}
{"lr": 0.00987193613703243, "data_time": 0.0025002002716064454, "loss": 0.09765559323132038, "decode.loss_ce": 0.06699259988963605, "decode.acc_seg": 96.64418029785156, "aux.loss_ce": 0.030662993993610145, "aux.acc_seg": 95.7314224243164, "time": 0.2517735958099365, "memory": 6269, "step": 1150}
{"lr": 0.009866359078419701, "data_time": 0.003799915313720703, "loss": 0.09122113920748234, "decode.loss_ce": 0.06472404077649116, "decode.acc_seg": 97.26716613769531, "aux.loss_ce": 0.026497097872197627, "aux.acc_seg": 97.11497497558594, "time": 0.2507598876953125, "memory": 6269, "step": 1200}
{"lr": 0.009860781665921445, "data_time": 0.0037009000778198244, "loss": 0.10020205974578858, "decode.loss_ce": 0.07177947871387005, "decode.acc_seg": 97.8275375366211, "aux.loss_ce": 0.028422580659389497, "aux.acc_seg": 97.25041961669922, "time": 0.24896421432495117, "memory": 6269, "step": 1250}
{"lr": 0.009855203899290491, "data_time": 0.0046999454498291016, "loss": 0.09243338517844676, "decode.loss_ce": 0.0659465342760086, "decode.acc_seg": 98.45352172851562, "aux.loss_ce": 0.026486852206289768, "aux.acc_seg": 98.44703674316406, "time": 0.25242302417755125, "memory": 6269, "step": 1300}
{"lr": 0.009849625778279346, "data_time": 0.0032004117965698242, "loss": 0.09948054924607277, "decode.loss_ce": 0.06976901963353158, "decode.acc_seg": 95.55625915527344, "aux.loss_ce": 0.029711529053747653, "aux.acc_seg": 96.274658203125, "time": 0.25018441677093506,